Query_ID	Target_ID	Optimal_offset	p-value	E-value	q-value	Overlap	Query_consensus	Target_consensus	Orientation
1-SGGTCATCAAAWWW	OTF0017.2	-3	0.00125043	0.760264	0.263117	8	CGGTCATCAAAAAA	TCATAAAA	+
1-SGGTCATCAAAWWW	OTF0036.2	-3	0.00125043	0.760264	0.263117	8	CGGTCATCAAAAAA	TCATAAAA	+
1-SGGTCATCAAAWWW	OTF0384.2	-3	0.00125043	0.760264	0.263117	8	CGGTCATCAAAAAA	TCATAAAA	+
1-SGGTCATCAAAWWW	OTF0455.1	-3	0.00125043	0.760264	0.263117	8	CGGTCATCAAAAAA	TCATAAAA	+
2-TAAATGA	OTF0246.1	1	0.00147789	0.898556	0.429243	7	TAAATGA	GTGAATGA	+
4-CGTAATAAAATTTCC	OTF0490.1	-2	0.000522316	0.317568	0.288166	8	CGTAATAAAATTTCC	TAATAAAA	-
4-CGTAATAAAATTTCC	OTF0088.2	-2	0.000558049	0.339294	0.288166	8	CGTAATAAAATTTCC	TAATAAAA	-
6-GTTGTGGCAAAA	OTF0129.1	-4	0.00107326	0.652545	1	8	GTTGTGGCAAAA	TGTCAAAA	-
7-GATATTTACAAACGA	OTF0511.1	0	0.000701384	0.426441	0.852883	10	GATATTTACAAACGA	AATATTTATA	-
8-GAAATTAAWTTTT	OTF0035.2	0	0.000581536	0.353574	0.33101	8	GAAATTAAATTTT	GAAATAAA	+
9-ACTCGGTCCCGTACT	OTF0061.1	-5	0.000343101	0.208605	0.417211	8	ACTCGGTCCCGTACT	GTCACGTA	-
10-ATAATTGTCTGAAT	OTF0209.2	-1	0.00142665	0.867404	0.165479	8	ATAATTGTCTGAAT	TAATTGCC	-
12-GCAAAATATGGCCAA	OTF0468.1	-1	0.000845721	0.514199	1	11	GCAAAATATGGCCAA	CACCATATGGC	+
16-AATGGTCAC	OTF0105.1	0	0.000273918	0.166542	0.33228	9	AATGGTCAC	AATTGTCACCT	+
16-AATGGTCAC	OTF0208.2	-1	0.00130007	0.790441	0.500914	7	AATGGTCAC	AAGGTCA	+
16-AATGGTCAC	OTF0228.1	-1	0.00130007	0.790441	0.500914	7	AATGGTCAC	AAGGTCA	+
19-CACTGGTAATTA	OTF0106.1	-5	0.000383484	0.233158	0.12095	7	CACTGGTAATTA	GTAATTA	-
19-CACTGGTAATTA	OTF0135.1	-5	0.000383484	0.233158	0.12095	7	CACTGGTAATTA	GTAATTA	-
19-CACTGGTAATTA	OTF0477.1	-5	0.0004478	0.272262	0.12095	7	CACTGGTAATTA	GTAATTA	+
19-CACTGGTAATTA	OTF0011.1	-5	0.000481154	0.292542	0.12095	7	CACTGGTAATTA	GTAATTA	-
19-CACTGGTAATTA	OTF0505.1	-4	0.00143389	0.871802	0.151586	8	CACTGGTAATTA	GCTAATTA	+
21-CTCAAAACAGTTA	OTF0236.2	-2	0.00127681	0.776301	1	11	CTCAAAACAGTTA	CAAAAGGGTTA	+
23-GACCAGTACGGGACC	OTF0061.1	-6	0.000416681	0.253342	0.506684	8	GACCAGTACGGGACC	TACGTGAC	+
26-ACATTTTKGCA	OTF0354.1	-3	0.000619811	0.376845	0.75369	8	ACATTTTTGCA	TTTTTGCG	-
27-ATTGATCC	OTF0057.1	0	0.000954072	0.580076	0.235808	8	ATTGATCC	CTTAATCC	+
27-ATTGATCC	OTF0217.1	0	0.000954072	0.580076	0.235808	8	ATTGATCC	CTTAATCC	+
27-ATTGATCC	OTF0291.1	0	0.000954072	0.580076	0.235808	8	ATTGATCC	CTTAATCC	+
27-ATTGATCC	OTF0062.1	-1	0.00138739	0.843532	0.235808	7	ATTGATCC	TTAATCC	+
27-ATTGATCC	OTF0278.1	-1	0.00138739	0.843532	0.235808	7	ATTGATCC	TTAATCC	+
27-ATTGATCC	OTF0357.1	-1	0.00138739	0.843532	0.235808	7	ATTGATCC	TTAATCC	+
27-ATTGATCC	OTF0374.1	-1	0.00138739	0.843532	0.235808	7	ATTGATCC	TTAATCC	+
27-ATTGATCC	OTF0223.1	-1	0.00155512	0.945515	0.235808	7	ATTGATCC	TTAATCC	+
29-TATCGATA	OTF0344.1	0	1.61385e-07	9.81219e-05	4.85776e-05	8	TATCGATA	TATCGATA	+
29-TATCGATA	OTF0419.1	0	1.61385e-07	9.81219e-05	4.85776e-05	8	TATCGATA	TATCGATA	+
29-TATCGATA	OTF0259.1	3	1.75052e-05	0.0106432	0.00210767	8	TATCGATA	TAATATCGATA	+
29-TATCGATA	OTF0381.1	3	1.75052e-05	0.0106432	0.00210767	8	TATCGATA	TAATATCGATA	+
29-TATCGATA	OTF0420.1	3	1.75052e-05	0.0106432	0.00210767	8	TATCGATA	TAATATCGATA	+
30-CGAGTACGGGACC	OTF0061.1	-4	0.000315129	0.191599	0.383197	8	CGAGTACGGGACC	TACGTGAC	+
31-ATATACATATKT	OTF0511.1	-1	0.000396606	0.241136	0.482273	10	ATATACATATTT	TATAAATATT	+

# Tomtom (Motif Comparison Tool): Version 5.5.3 compiled on Jun 17 2023 at 01:08:46
# The format of this file is described at http://localhost:8080/meme_5.5.3/doc/tomtom-output-format.html.
# tomtom -verbosity 1 -oc meme_output/streme_tomtom_out -min-overlap 5 -dist pearson -evalue -thresh 1 -no-ssc meme_output/streme_out/streme.xml motif_databases/FLY/OnTheFly_2014_Drosophila.meme
