prim_db	prim_id	prim_alt	prim_cons	sec_db	sec_id	sec_alt	sec_cons	trim_left	trim_right	red_db	red_id	red_alt	E-value	gap	orient	count	total	adj_p-value	p-value
streme.xml	10-ATAATTGTCTGAAT	STREME-10	ATAATTGTCTGAAT	streme.xml	13-ACATTCCAT	STREME-13	ACATTCCAT	0	0	.	.	.	2.36e-37	0	3	17	24	5.70e-43	5.13e-42
streme.xml	10-ATAATTGTCTGAAT	STREME-10	ATAATTGTCTGAAT	streme.xml	13-ACATTCCAT	STREME-13	ACATTCCAT	0	0	.	.	.	2.36e-37	0	5	17	24	7.39e-38	6.65e-37
streme.xml	10-ATAATTGTCTGAAT	STREME-10	ATAATTGTCTGAAT	streme.xml	13-ACATTCCAT	STREME-13	ACATTCCAT	0	0	.	.	.	2.36e-37	0	7	17	24	7.39e-38	6.65e-37
streme.xml	10-ATAATTGTCTGAAT	STREME-10	ATAATTGTCTGAAT	streme.xml	13-ACATTCCAT	STREME-13	ACATTCCAT	0	0	.	.	.	2.36e-37	0	8	17	24	9.46e-33	8.51e-32
streme.xml	10-ATAATTGTCTGAAT	STREME-10	ATAATTGTCTGAAT	streme.xml	6-GTTGTGGCAAAA	STREME-6	GTTGTGGCAAAA	0	0	.	.	.	3.17e-25	7	1	12	17	7.81e-31	7.03e-30
streme.xml	10-ATAATTGTCTGAAT	STREME-10	ATAATTGTCTGAAT	streme.xml	6-GTTGTGGCAAAA	STREME-6	GTTGTGGCAAAA	0	0	.	.	.	3.17e-25	7	4	12	17	3.17e-27	2.86e-26
streme.xml	10-ATAATTGTCTGAAT	STREME-10	ATAATTGTCTGAAT	streme.xml	6-GTTGTGGCAAAA	STREME-6	GTTGTGGCAAAA	0	0	.	.	.	3.17e-25	7	6	12	17	3.17e-27	2.86e-26
streme.xml	10-ATAATTGTCTGAAT	STREME-10	ATAATTGTCTGAAT	streme.xml	6-GTTGTGGCAAAA	STREME-6	GTTGTGGCAAAA	0	0	.	.	.	3.17e-25	7	8	12	17	1.28e-23	1.15e-22
streme.xml	10-ATAATTGTCTGAAT	STREME-10	ATAATTGTCTGAAT	streme.xml	6-GTTGTGGCAAAA	STREME-6	GTTGTGGCAAAA	0	0	.	.	.	3.17e-25	6	6	3	17	3.39e-06	3.05e-05
streme.xml	10-ATAATTGTCTGAAT	STREME-10	ATAATTGTCTGAAT	streme.xml	17-CATACCTCACTGAGC	STREME-17	CATACCTCACTGAGC	0	0	.	.	.	4.84e-23	9	2	11	15	1.22e-28	1.10e-27
streme.xml	10-ATAATTGTCTGAAT	STREME-10	ATAATTGTCTGAAT	streme.xml	17-CATACCTCACTGAGC	STREME-17	CATACCTCACTGAGC	0	0	.	.	.	4.84e-23	9	6	11	15	2.48e-25	2.23e-24
streme.xml	10-ATAATTGTCTGAAT	STREME-10	ATAATTGTCTGAAT	streme.xml	17-CATACCTCACTGAGC	STREME-17	CATACCTCACTGAGC	0	0	.	.	.	4.84e-23	9	7	11	15	2.48e-25	2.23e-24
streme.xml	10-ATAATTGTCTGAAT	STREME-10	ATAATTGTCTGAAT	streme.xml	17-CATACCTCACTGAGC	STREME-17	CATACCTCACTGAGC	0	0	.	.	.	4.84e-23	9	8	11	15	5.01e-22	4.51e-21
streme.xml	10-ATAATTGTCTGAAT	STREME-10	ATAATTGTCTGAAT	streme.xml	5-GAACACAGTTTGAT	STREME-5	GAACACAGTTTGAT	0	0	.	.	.	2.30e-20	41	3	11	22	5.75e-26	5.17e-25
streme.xml	10-ATAATTGTCTGAAT	STREME-10	ATAATTGTCTGAAT	streme.xml	5-GAACACAGTTTGAT	STREME-5	GAACACAGTTTGAT	0	0	.	.	.	2.30e-20	41	5	11	22	1.16e-22	1.04e-21
streme.xml	10-ATAATTGTCTGAAT	STREME-10	ATAATTGTCTGAAT	streme.xml	5-GAACACAGTTTGAT	STREME-5	GAACACAGTTTGAT	0	0	.	.	.	2.30e-20	41	7	11	22	1.16e-22	1.04e-21
streme.xml	10-ATAATTGTCTGAAT	STREME-10	ATAATTGTCTGAAT	streme.xml	5-GAACACAGTTTGAT	STREME-5	GAACACAGTTTGAT	0	0	.	.	.	2.30e-20	41	8	11	22	2.28e-19	2.05e-18
streme.xml	10-ATAATTGTCTGAAT	STREME-10	ATAATTGTCTGAAT	streme.xml	5-GAACACAGTTTGAT	STREME-5	GAACACAGTTTGAT	0	0	.	.	.	2.30e-20	40	3	4	22	8.78e-09	7.90e-08
streme.xml	10-ATAATTGTCTGAAT	STREME-10	ATAATTGTCTGAAT	streme.xml	5-GAACACAGTTTGAT	STREME-5	GAACACAGTTTGAT	0	0	.	.	.	2.30e-20	40	5	4	22	1.37e-07	1.23e-06
streme.xml	10-ATAATTGTCTGAAT	STREME-10	ATAATTGTCTGAAT	streme.xml	5-GAACACAGTTTGAT	STREME-5	GAACACAGTTTGAT	0	0	.	.	.	2.30e-20	40	7	4	22	1.37e-07	1.23e-06
streme.xml	10-ATAATTGTCTGAAT	STREME-10	ATAATTGTCTGAAT	streme.xml	5-GAACACAGTTTGAT	STREME-5	GAACACAGTTTGAT	0	0	.	.	.	2.30e-20	40	8	4	22	2.08e-06	1.87e-05
streme.xml	10-ATAATTGTCTGAAT	STREME-10	ATAATTGTCTGAAT	streme.xml	4-CGTAATAAAATTTCC	STREME-4	CGTAATAAAATTTCC	0	0	.	.	.	2.47e-20	25	2	11	22	6.23e-26	5.61e-25
streme.xml	10-ATAATTGTCTGAAT	STREME-10	ATAATTGTCTGAAT	streme.xml	4-CGTAATAAAATTTCC	STREME-4	CGTAATAAAATTTCC	0	0	.	.	.	2.47e-20	25	6	11	22	1.25e-22	1.13e-21
streme.xml	10-ATAATTGTCTGAAT	STREME-10	ATAATTGTCTGAAT	streme.xml	4-CGTAATAAAATTTCC	STREME-4	CGTAATAAAATTTCC	0	0	.	.	.	2.47e-20	25	7	11	22	1.25e-22	1.13e-21
streme.xml	10-ATAATTGTCTGAAT	STREME-10	ATAATTGTCTGAAT	streme.xml	4-CGTAATAAAATTTCC	STREME-4	CGTAATAAAATTTCC	0	0	.	.	.	2.47e-20	25	8	11	22	2.47e-19	2.22e-18
streme.xml	10-ATAATTGTCTGAAT	STREME-10	ATAATTGTCTGAAT	meme.xml	ACGRGMYCAGTR	MEME-1	ACGRGMYCAGTR	0	0	meme.xml	4-CGTAATAAAATTTCC	STREME-4	1.00e-16	16	3	9	16	2.48e-22	2.23e-21
streme.xml	10-ATAATTGTCTGAAT	STREME-10	ATAATTGTCTGAAT	meme.xml	ACGRGMYCAGTR	MEME-1	ACGRGMYCAGTR	0	0	meme.xml	4-CGTAATAAAATTTCC	STREME-4	1.00e-16	16	5	9	16	1.25e-19	1.13e-18
streme.xml	10-ATAATTGTCTGAAT	STREME-10	ATAATTGTCTGAAT	meme.xml	ACGRGMYCAGTR	MEME-1	ACGRGMYCAGTR	0	0	meme.xml	4-CGTAATAAAATTTCC	STREME-4	1.00e-16	16	7	9	16	1.25e-19	1.13e-18
streme.xml	10-ATAATTGTCTGAAT	STREME-10	ATAATTGTCTGAAT	meme.xml	ACGRGMYCAGTR	MEME-1	ACGRGMYCAGTR	0	0	meme.xml	4-CGTAATAAAATTTCC	STREME-4	1.00e-16	16	8	9	16	6.27e-17	5.64e-16
streme.xml	10-ATAATTGTCTGAAT	STREME-10	ATAATTGTCTGAAT	streme.xml	18-CGCTGA	STREME-18	CGCTGA	0	0	.	.	.	1.09e-14	16	2	8	14	2.58e-20	2.32e-19
streme.xml	10-ATAATTGTCTGAAT	STREME-10	ATAATTGTCTGAAT	streme.xml	18-CGCTGA	STREME-18	CGCTGA	0	0	.	.	.	1.09e-14	16	6	8	14	6.55e-18	5.89e-17
streme.xml	10-ATAATTGTCTGAAT	STREME-10	ATAATTGTCTGAAT	streme.xml	18-CGCTGA	STREME-18	CGCTGA	0	0	.	.	.	1.09e-14	16	7	8	14	6.55e-18	5.89e-17
streme.xml	10-ATAATTGTCTGAAT	STREME-10	ATAATTGTCTGAAT	streme.xml	18-CGCTGA	STREME-18	CGCTGA	0	0	.	.	.	1.09e-14	16	8	8	14	1.65e-15	1.48e-14
streme.xml	10-ATAATTGTCTGAAT	STREME-10	ATAATTGTCTGAAT	streme.xml	31-ATATACATATKT	STREME-31	ATATACATATKT	0	0	.	.	.	9.25e-13	16	1	10	59	2.28e-18	2.05e-17
streme.xml	10-ATAATTGTCTGAAT	STREME-10	ATAATTGTCTGAAT	streme.xml	31-ATATACATATKT	STREME-31	ATATACATATKT	0	0	.	.	.	9.25e-13	16	4	10	59	2.16e-15	1.94e-14
streme.xml	10-ATAATTGTCTGAAT	STREME-10	ATAATTGTCTGAAT	streme.xml	31-ATATACATATKT	STREME-31	ATATACATATKT	0	0	.	.	.	9.25e-13	16	6	10	59	2.16e-15	1.94e-14
streme.xml	10-ATAATTGTCTGAAT	STREME-10	ATAATTGTCTGAAT	streme.xml	31-ATATACATATKT	STREME-31	ATATACATATKT	0	0	.	.	.	9.25e-13	16	8	10	59	1.88e-12	1.69e-11
streme.xml	10-ATAATTGTCTGAAT	STREME-10	ATAATTGTCTGAAT	streme.xml	31-ATATACATATKT	STREME-31	ATATACATATKT	0	0	.	.	.	9.25e-13	41	5	6	59	9.21e-09	8.29e-08
streme.xml	10-ATAATTGTCTGAAT	STREME-10	ATAATTGTCTGAAT	streme.xml	31-ATATACATATKT	STREME-31	ATATACATATKT	0	0	.	.	.	9.25e-13	41	0	5	59	9.66e-09	8.69e-08
streme.xml	10-ATAATTGTCTGAAT	STREME-10	ATAATTGTCTGAAT	streme.xml	31-ATATACATATKT	STREME-31	ATATACATATKT	0	0	.	.	.	9.25e-13	41	4	5	59	2.85e-07	2.56e-06
streme.xml	10-ATAATTGTCTGAAT	STREME-10	ATAATTGTCTGAAT	streme.xml	31-ATATACATATKT	STREME-31	ATATACATATKT	0	0	.	.	.	9.25e-13	41	8	6	59	5.01e-07	4.51e-06
streme.xml	10-ATAATTGTCTGAAT	STREME-10	ATAATTGTCTGAAT	streme.xml	2-TAAATGA	STREME-2	TAAATGA	0	0	streme.xml	31-ATATACATATKT	STREME-31	2.72e-05	14	0	8	160	6.47e-11	5.82e-10
streme.xml	10-ATAATTGTCTGAAT	STREME-10	ATAATTGTCTGAAT	streme.xml	2-TAAATGA	STREME-2	TAAATGA	0	0	streme.xml	31-ATATACATATKT	STREME-31	2.72e-05	14	4	8	160	1.31e-08	1.18e-07
streme.xml	10-ATAATTGTCTGAAT	STREME-10	ATAATTGTCTGAAT	streme.xml	2-TAAATGA	STREME-2	TAAATGA	0	0	streme.xml	31-ATATACATATKT	STREME-31	2.72e-05	14	5	8	160	1.31e-08	1.18e-07
streme.xml	10-ATAATTGTCTGAAT	STREME-10	ATAATTGTCTGAAT	streme.xml	2-TAAATGA	STREME-2	TAAATGA	0	0	streme.xml	31-ATATACATATKT	STREME-31	2.72e-05	14	8	9	160	2.45e-07	2.21e-06
streme.xml	10-ATAATTGTCTGAAT	STREME-10	ATAATTGTCTGAAT	streme.xml	12-GCAAAATATGGCCAA	STREME-12	GCAAAATATGGCCAA	0	0	.	.	.	1.24e-07	75	3	6	22	3.12e-13	2.81e-12
streme.xml	10-ATAATTGTCTGAAT	STREME-10	ATAATTGTCTGAAT	streme.xml	12-GCAAAATATGGCCAA	STREME-12	GCAAAATATGGCCAA	0	0	.	.	.	1.24e-07	75	5	6	22	1.95e-11	1.75e-10
streme.xml	10-ATAATTGTCTGAAT	STREME-10	ATAATTGTCTGAAT	streme.xml	12-GCAAAATATGGCCAA	STREME-12	GCAAAATATGGCCAA	0	0	.	.	.	1.24e-07	75	7	6	22	1.95e-11	1.75e-10
streme.xml	10-ATAATTGTCTGAAT	STREME-10	ATAATTGTCTGAAT	streme.xml	12-GCAAAATATGGCCAA	STREME-12	GCAAAATATGGCCAA	0	0	.	.	.	1.24e-07	74	3	5	22	5.98e-11	5.39e-10
streme.xml	10-ATAATTGTCTGAAT	STREME-10	ATAATTGTCTGAAT	streme.xml	12-GCAAAATATGGCCAA	STREME-12	GCAAAATATGGCCAA	0	0	.	.	.	1.24e-07	75	8	6	22	1.18e-09	1.07e-08
streme.xml	10-ATAATTGTCTGAAT	STREME-10	ATAATTGTCTGAAT	streme.xml	12-GCAAAATATGGCCAA	STREME-12	GCAAAATATGGCCAA	0	0	.	.	.	1.24e-07	74	5	5	22	1.87e-09	1.68e-08
streme.xml	10-ATAATTGTCTGAAT	STREME-10	ATAATTGTCTGAAT	streme.xml	12-GCAAAATATGGCCAA	STREME-12	GCAAAATATGGCCAA	0	0	.	.	.	1.24e-07	74	7	5	22	1.87e-09	1.68e-08
streme.xml	10-ATAATTGTCTGAAT	STREME-10	ATAATTGTCTGAAT	streme.xml	12-GCAAAATATGGCCAA	STREME-12	GCAAAATATGGCCAA	0	0	.	.	.	1.24e-07	74	8	5	22	5.67e-08	5.10e-07
streme.xml	10-ATAATTGTCTGAAT	STREME-10	ATAATTGTCTGAAT	streme.xml	12-GCAAAATATGGCCAA	STREME-12	GCAAAATATGGCCAA	0	0	.	.	.	1.24e-07	73	3	3	22	1.04e-06	9.32e-06
streme.xml	10-ATAATTGTCTGAAT	STREME-10	ATAATTGTCTGAAT	meme.xml	TTTSCAAATTTYGRT	MEME-3	TTTSCAAATTTYGRT	0	0	meme.xml	12-GCAAAATATGGCCAA	STREME-12	3.16e-06	85	2	6	36	7.96e-12	7.17e-11
streme.xml	10-ATAATTGTCTGAAT	STREME-10	ATAATTGTCTGAAT	meme.xml	TTTSCAAATTTYGRT	MEME-3	TTTSCAAATTTYGRT	0	0	meme.xml	12-GCAAAATATGGCCAA	STREME-12	3.16e-06	85	6	6	36	4.86e-10	4.38e-09
streme.xml	10-ATAATTGTCTGAAT	STREME-10	ATAATTGTCTGAAT	meme.xml	TTTSCAAATTTYGRT	MEME-3	TTTSCAAATTTYGRT	0	0	meme.xml	12-GCAAAATATGGCCAA	STREME-12	3.16e-06	85	7	6	36	4.86e-10	4.38e-09
streme.xml	10-ATAATTGTCTGAAT	STREME-10	ATAATTGTCTGAAT	meme.xml	TTTSCAAATTTYGRT	MEME-3	TTTSCAAATTTYGRT	0	0	meme.xml	12-GCAAAATATGGCCAA	STREME-12	3.16e-06	84	2	5	36	8.38e-10	7.55e-09
streme.xml	10-ATAATTGTCTGAAT	STREME-10	ATAATTGTCTGAAT	meme.xml	TTTSCAAATTTYGRT	MEME-3	TTTSCAAATTTYGRT	0	0	meme.xml	12-GCAAAATATGGCCAA	STREME-12	3.16e-06	84	6	5	36	2.56e-08	2.30e-07
streme.xml	10-ATAATTGTCTGAAT	STREME-10	ATAATTGTCTGAAT	meme.xml	TTTSCAAATTTYGRT	MEME-3	TTTSCAAATTTYGRT	0	0	meme.xml	12-GCAAAATATGGCCAA	STREME-12	3.16e-06	84	7	5	36	2.56e-08	2.30e-07
streme.xml	10-ATAATTGTCTGAAT	STREME-10	ATAATTGTCTGAAT	meme.xml	TTTSCAAATTTYGRT	MEME-3	TTTSCAAATTTYGRT	0	0	meme.xml	12-GCAAAATATGGCCAA	STREME-12	3.16e-06	85	8	6	36	2.83e-08	2.55e-07
streme.xml	10-ATAATTGTCTGAAT	STREME-10	ATAATTGTCTGAAT	meme.xml	TTTSCAAATTTYGRT	MEME-3	TTTSCAAATTTYGRT	0	0	meme.xml	12-GCAAAATATGGCCAA	STREME-12	3.16e-06	36	0	4	36	7.13e-08	6.42e-07
streme.xml	10-ATAATTGTCTGAAT	STREME-10	ATAATTGTCTGAAT	meme.xml	TTTSCAAATTTYGRT	MEME-3	TTTSCAAATTTYGRT	0	0	meme.xml	12-GCAAAATATGGCCAA	STREME-12	3.16e-06	84	8	5	36	7.45e-07	6.70e-06
streme.xml	10-ATAATTGTCTGAAT	STREME-10	ATAATTGTCTGAAT	meme.xml	TTTSCAAATTTYGRT	MEME-3	TTTSCAAATTTYGRT	0	0	meme.xml	12-GCAAAATATGGCCAA	STREME-12	3.16e-06	36	4	4	36	1.09e-06	9.80e-06
streme.xml	10-ATAATTGTCTGAAT	STREME-10	ATAATTGTCTGAAT	meme.xml	TTTSCAAATTTYGRT	MEME-3	TTTSCAAATTTYGRT	0	0	meme.xml	12-GCAAAATATGGCCAA	STREME-12	3.16e-06	36	5	4	36	1.09e-06	9.80e-06
streme.xml	10-ATAATTGTCTGAAT	STREME-10	ATAATTGTCTGAAT	streme.xml	8-GAAATTAAWTTTT	STREME-8	GAAATTAAWTTTT	0	0	.	.	.	5.75e-06	26	2	6	40	1.43e-11	1.29e-10
streme.xml	10-ATAATTGTCTGAAT	STREME-10	ATAATTGTCTGAAT	streme.xml	8-GAAATTAAWTTTT	STREME-8	GAAATTAAWTTTT	0	0	.	.	.	5.75e-06	26	6	6	40	8.68e-10	7.81e-09
streme.xml	10-ATAATTGTCTGAAT	STREME-10	ATAATTGTCTGAAT	streme.xml	8-GAAATTAAWTTTT	STREME-8	GAAATTAAWTTTT	0	0	.	.	.	5.75e-06	26	7	6	40	8.68e-10	7.81e-09
streme.xml	10-ATAATTGTCTGAAT	STREME-10	ATAATTGTCTGAAT	streme.xml	8-GAAATTAAWTTTT	STREME-8	GAAATTAAWTTTT	0	0	.	.	.	5.75e-06	62	2	5	40	1.35e-09	1.22e-08
streme.xml	10-ATAATTGTCTGAAT	STREME-10	ATAATTGTCTGAAT	streme.xml	8-GAAATTAAWTTTT	STREME-8	GAAATTAAWTTTT	0	0	.	.	.	5.75e-06	62	6	5	40	4.11e-08	3.70e-07
streme.xml	10-ATAATTGTCTGAAT	STREME-10	ATAATTGTCTGAAT	streme.xml	8-GAAATTAAWTTTT	STREME-8	GAAATTAAWTTTT	0	0	.	.	.	5.75e-06	62	7	5	40	4.11e-08	3.70e-07
streme.xml	10-ATAATTGTCTGAAT	STREME-10	ATAATTGTCTGAAT	streme.xml	8-GAAATTAAWTTTT	STREME-8	GAAATTAAWTTTT	0	0	.	.	.	5.75e-06	26	8	6	40	5.00e-08	4.50e-07
streme.xml	10-ATAATTGTCTGAAT	STREME-10	ATAATTGTCTGAAT	streme.xml	8-GAAATTAAWTTTT	STREME-8	GAAATTAAWTTTT	0	0	.	.	.	5.75e-06	62	8	5	40	1.18e-06	1.06e-05
streme.xml	10-ATAATTGTCTGAAT	STREME-10	ATAATTGTCTGAAT	streme.xml	24-AACGAAAATT	STREME-24	AACGAAAATT	0	0	.	.	.	3.50e-04	58	2	7	139	8.51e-10	7.66e-09
streme.xml	10-ATAATTGTCTGAAT	STREME-10	ATAATTGTCTGAAT	streme.xml	24-AACGAAAATT	STREME-24	AACGAAAATT	0	0	.	.	.	3.50e-04	58	7	8	139	5.18e-09	4.66e-08
streme.xml	10-ATAATTGTCTGAAT	STREME-10	ATAATTGTCTGAAT	streme.xml	24-AACGAAAATT	STREME-24	AACGAAAATT	0	0	.	.	.	3.50e-04	58	6	7	139	8.88e-08	7.99e-07
streme.xml	10-ATAATTGTCTGAAT	STREME-10	ATAATTGTCTGAAT	streme.xml	24-AACGAAAATT	STREME-24	AACGAAAATT	0	0	.	.	.	3.50e-04	58	8	8	139	8.78e-07	7.90e-06
streme.xml	10-ATAATTGTCTGAAT	STREME-10	ATAATTGTCTGAAT	streme.xml	27-ATTGATCC	STREME-27	ATTGATCC	0	0	.	.	.	6.27e-03	50	1	4	26	1.50e-08	1.35e-07
streme.xml	10-ATAATTGTCTGAAT	STREME-10	ATAATTGTCTGAAT	streme.xml	27-ATTGATCC	STREME-27	ATTGATCC	0	0	.	.	.	6.27e-03	50	4	4	26	2.33e-07	2.10e-06
streme.xml	10-ATAATTGTCTGAAT	STREME-10	ATAATTGTCTGAAT	streme.xml	27-ATTGATCC	STREME-27	ATTGATCC	0	0	.	.	.	6.27e-03	50	6	4	26	2.33e-07	2.10e-06
streme.xml	10-ATAATTGTCTGAAT	STREME-10	ATAATTGTCTGAAT	streme.xml	27-ATTGATCC	STREME-27	ATTGATCC	0	0	.	.	.	6.27e-03	50	8	4	26	3.51e-06	3.16e-05
streme.xml	10-ATAATTGTCTGAAT	STREME-10	ATAATTGTCTGAAT	streme.xml	15-AAAAATGCGAAA	STREME-15	AAAAATGCGAAA	0	0	.	.	.	1.24e-02	56	1	4	30	3.07e-08	2.76e-07
streme.xml	10-ATAATTGTCTGAAT	STREME-10	ATAATTGTCTGAAT	streme.xml	15-AAAAATGCGAAA	STREME-15	AAAAATGCGAAA	0	0	.	.	.	1.24e-02	56	4	4	30	4.73e-07	4.26e-06
streme.xml	10-ATAATTGTCTGAAT	STREME-10	ATAATTGTCTGAAT	streme.xml	15-AAAAATGCGAAA	STREME-15	AAAAATGCGAAA	0	0	.	.	.	1.24e-02	56	6	4	30	4.73e-07	4.26e-06
streme.xml	10-ATAATTGTCTGAAT	STREME-10	ATAATTGTCTGAAT	streme.xml	1-SGGTCATCAAAWWW	STREME-1	SGGTCATCAAAWWW	0	0	.	.	.	1.30e-02	26	0	4	30	3.25e-08	2.93e-07
streme.xml	10-ATAATTGTCTGAAT	STREME-10	ATAATTGTCTGAAT	streme.xml	1-SGGTCATCAAAWWW	STREME-1	SGGTCATCAAAWWW	0	0	.	.	.	1.30e-02	26	4	4	30	5.01e-07	4.51e-06
streme.xml	10-ATAATTGTCTGAAT	STREME-10	ATAATTGTCTGAAT	streme.xml	1-SGGTCATCAAAWWW	STREME-1	SGGTCATCAAAWWW	0	0	.	.	.	1.30e-02	26	5	4	30	5.01e-07	4.51e-06
streme.xml	10-ATAATTGTCTGAAT	STREME-10	ATAATTGTCTGAAT	streme.xml	1-SGGTCATCAAAWWW	STREME-1	SGGTCATCAAAWWW	0	0	.	.	.	1.30e-02	91	3	3	30	2.64e-06	2.38e-05
streme.xml	10-ATAATTGTCTGAAT	STREME-10	ATAATTGTCTGAAT	streme.xml	10-ATAATTGTCTGAAT	STREME-10	ATAATTGTCTGAAT	0	0	.	.	.	7.46e-02	83	5	3	7	1.87e-07	1.68e-06
streme.xml	10-ATAATTGTCTGAAT	STREME-10	ATAATTGTCTGAAT	streme.xml	10-ATAATTGTCTGAAT	STREME-10	ATAATTGTCTGAAT	0	0	.	.	.	7.46e-02	83	8	3	7	1.48e-06	1.33e-05
streme.xml	10-ATAATTGTCTGAAT	STREME-10	ATAATTGTCTGAAT	streme.xml	7-GATATTTACAAACGA	STREME-7	GATATTTACAAACGA	0	0	.	.	.	1.82e-01	73	1	3	17	4.60e-07	4.14e-06
streme.xml	10-ATAATTGTCTGAAT	STREME-10	ATAATTGTCTGAAT	streme.xml	7-GATATTTACAAACGA	STREME-7	GATATTTACAAACGA	0	0	.	.	.	1.82e-01	73	4	3	17	3.61e-06	3.25e-05
streme.xml	10-ATAATTGTCTGAAT	STREME-10	ATAATTGTCTGAAT	streme.xml	7-GATATTTACAAACGA	STREME-7	GATATTTACAAACGA	0	0	.	.	.	1.82e-01	73	6	3	17	3.61e-06	3.25e-05
streme.xml	10-ATAATTGTCTGAAT	STREME-10	ATAATTGTCTGAAT	streme.xml	3-AATTTGGAAAAAC	STREME-3	AATTTGGAAAAAC	0	0	.	.	.	2.12e-01	41	1	3	18	5.28e-07	4.75e-06
streme.xml	10-ATAATTGTCTGAAT	STREME-10	ATAATTGTCTGAAT	streme.xml	3-AATTTGGAAAAAC	STREME-3	AATTTGGAAAAAC	0	0	.	.	.	2.12e-01	41	4	3	18	4.14e-06	3.73e-05
streme.xml	10-ATAATTGTCTGAAT	STREME-10	ATAATTGTCTGAAT	streme.xml	3-AATTTGGAAAAAC	STREME-3	AATTTGGAAAAAC	0	0	.	.	.	2.12e-01	41	6	3	18	4.14e-06	3.73e-05
streme.xml	10-ATAATTGTCTGAAT	STREME-10	ATAATTGTCTGAAT	streme.xml	11-ATAACTTGGCTAAA	STREME-11	ATAACTTGGCTAAA	0	0	.	.	.	2.99e-01	96	1	3	20	7.52e-07	6.77e-06
streme.xml	10-ATAATTGTCTGAAT	STREME-10	ATAATTGTCTGAAT	streme.xml	21-CTCAAAACAGTTA	STREME-21	CTCAAAACAGTTA	0	0	.	.	.	3.43e-01	133	0	3	21	8.57e-07	7.72e-06
streme.xml	10-ATAATTGTCTGAAT	STREME-10	ATAATTGTCTGAAT	streme.xml	26-ACATTTTKGCA	STREME-26	ACATTTTKGCA	0	0	.	.	.	3.86e-01	61	0	3	22	9.50e-07	8.55e-06
streme.xml	10-ATAATTGTCTGAAT	STREME-10	ATAATTGTCTGAAT	streme.xml	14-ATAGATGTAAG	STREME-14	ATAGATGTAAG	0	0	.	.	.	4.43e-01	120	1	3	23	1.09e-06	9.82e-06
streme.xml	10-ATAATTGTCTGAAT	STREME-10	ATAATTGTCTGAAT	streme.xml	32-GATTCTGCCAAA	STREME-32	GATTCTGCCAAA	0	0	.	.	.	4.49e-01	55	1	3	23	1.11e-06	1.00e-05
streme.xml	10-ATAATTGTCTGAAT	STREME-10	ATAATTGTCTGAAT	streme.xml	32-GATTCTGCCAAA	STREME-32	GATTCTGCCAAA	0	0	.	.	.	4.49e-01	56	1	3	23	1.11e-06	1.00e-05
streme.xml	10-ATAATTGTCTGAAT	STREME-10	ATAATTGTCTGAAT	streme.xml	20-CCCTCCTTACA	STREME-20	CCCTCCTTACA	0	0	.	.	.	2.10e+00	8	1	2	6	6.64e-03	5.82e-02

# SpaMo (Spaced Motif Analysis Tool): Version 5.5.3 compiled on Jun 17 2023 at 01:08:43
# The format of this file is described at http://localhost:8080/meme_5.5.3/doc/spamo-output-format.html.
# spamo -verbosity 1 -oc meme_output/spamo_out_10 -bgfile meme_output/background -keepprimary -primary 10-ATAATTGTCTGAAT meme_output/overlapping.fa meme_output/streme_out/streme.xml meme_output/meme_out/meme.xml meme_output/streme_out/streme.xml
